<?xml version="1.0" encoding="UTF-8" standalone="yes"?>
<AppProfileExportImportJaxb xmlns="http://www.cliqr.com/xml/ns/appProfileExportImport">
    <AppProfileList>
        <appProfileInfo topLevelAppName="Petclinic">
            <appProfileInfoPath location="v1" extension="json"/>
        </appProfileInfo>
    </AppProfileList>
    <ResourceList>
        <resource>
            <type>RemoteRepository</type>
            <RemoteRepository>
                <repositoryName>WWT_GIT_Hub</repositoryName>
                <repositoryId>3</repositoryId>
                <appNameList>
                    <appName>Petclinic</appName>
                </appNameList>
            </RemoteRepository>
        </resource>
    </ResourceList>
</AppProfileExportImportJaxb>
